sample_name	amplicon_number	amplicon_decomposition_class	ecDNA+	BFB+	ecDNA_amplicons
BS_K3F9WTAN	amplicon1	Cyclic	Positive	None detected	1
BS_3KD309X6	amplicon1	Complex-non-cyclic	None detected	Positive	0
BS_AH252MTC	amplicon1	Linear	None detected	None detected	0
BS_FZ8D57HJ	amplicon1	Linear	None detected	None detected	0
BS_GH6PH611	amplicon1	Linear	None detected	None detected	0
BS_4FKXNJHW	amplicon1	Cyclic	Positive	None detected	1
BS_8GW9ZD0F	amplicon1	Complex-non-cyclic	None detected	Positive	0
BS_BHK1E2GG	amplicon1	No amp/Invalid	None detected	None detected	0
BS_A024WSJX	amplicon1	Complex-non-cyclic	None detected	None detected	0
BS_9ANMMYJS	amplicon1	Cyclic	None detected	Positive	0
BS_MTYNW7BX	amplicon1	Cyclic	Positive	None detected	1
BS_ERDKHKT5	amplicon1	Cyclic	Positive	None detected	1
BS_DYA4EMPF	amplicon1	Cyclic	Positive	None detected	1
BS_4ZG27R47	amplicon1	Cyclic	Positive	None detected	1
BS_YMYESCY7	amplicon1	Cyclic	Positive	None detected	1
BS_9HMAQJ93	amplicon1	Linear	None detected	None detected	0
BS_9HMAQJ93	amplicon2	Cyclic	Positive	None detected	1
BS_9HMAQJ93	amplicon3	Complex-non-cyclic	None detected	None detected	0
BS_9HMAQJ93	amplicon4	No amp/Invalid	None detected	None detected	0
BS_1KP6JADZ	amplicon1	Complex-non-cyclic	None detected	None detected	0
BS_1KP6JADZ	amplicon2	Linear	None detected	None detected	0
BS_Z36ZZZ9N	amplicon1	Cyclic	Positive	None detected	1
BS_2F8PFTW5	amplicon1	Linear	None detected	None detected	0
BS_2F8PFTW5	amplicon2	Linear	None detected	None detected	0
BS_XB34VS6P	amplicon1	Linear	None detected	None detected	0
BS_XB34VS6P	amplicon2	Linear	None detected	None detected	0
BS_W005KCS2	amplicon1	Linear	None detected	None detected	0
BS_YTTPJ4RX	amplicon1	Complex-non-cyclic	None detected	None detected	0
BS_3Y55A2AQ	amplicon1	Cyclic	Positive	None detected	1
BS_E8Z367DQ	amplicon1	Cyclic	Positive	None detected	1
BS_F7VH8BQX	amplicon1	Cyclic	Positive	None detected	1
BS_MGFDE2ZH	amplicon1	Cyclic	Positive	None detected	1
BS_XKBT2G20	amplicon1	Cyclic	Positive	None detected	1
BS_Y9Q9RPNZ	amplicon1	Cyclic	Positive	None detected	1
BS_ZYP3XG56	amplicon1	Cyclic	Positive	None detected	1
BS_95EMTN3E	amplicon1	Cyclic	Positive	None detected	1
BS_AZD61W93	amplicon1	Complex-non-cyclic	None detected	None detected	0
BS_7M145V8M	amplicon1	Cyclic	Positive	None detected	1
BS_7M145V8M	amplicon2	Complex-non-cyclic	None detected	None detected	0
BS_VRDQTVHR	amplicon1	Cyclic	Positive	None detected	1
BS_VRDQTVHR	amplicon2	Complex-non-cyclic	None detected	None detected	0
BS_B8TG51S6	amplicon1	Cyclic	Positive	None detected	1
BS_B8TG51S6	amplicon2	Cyclic	Positive	None detected	1
BS_0GS82Q3E	amplicon1	Cyclic	Positive	None detected	1
BS_0GS82Q3E	amplicon2	Cyclic	Positive	None detected	1
BS_0GS82Q3E	amplicon3	Cyclic	Positive	None detected	2
BS_0GS82Q3E	amplicon4	Linear	None detected	None detected	0
BS_0GS82Q3E	amplicon5	No amp/Invalid	None detected	None detected	0
BS_0GS82Q3E	amplicon6	No amp/Invalid	None detected	None detected	0
BS_0GS82Q3E	amplicon7	Complex-non-cyclic	None detected	None detected	0
BS_0GS82Q3E	amplicon8	Cyclic	Positive	None detected	1
BS_R8F3DR5F	amplicon1	Cyclic	Positive	None detected	1
BS_R8F3DR5F	amplicon2	Cyclic	Positive	None detected	1
BS_7YGM7F5R	amplicon1	No amp/Invalid	None detected	None detected	0
BS_7YGM7F5R	amplicon2	No amp/Invalid	None detected	None detected	0
BS_7YGM7F5R	amplicon3	Linear	None detected	None detected	0
BS_7YGM7F5R	amplicon4	No amp/Invalid	None detected	None detected	0
BS_7YGM7F5R	amplicon5	No amp/Invalid	None detected	None detected	0
BS_7YGM7F5R	amplicon6	No amp/Invalid	None detected	None detected	0
BS_7YGM7F5R	amplicon7	No amp/Invalid	None detected	None detected	0
BS_7BN22JGJ	amplicon1	Complex-non-cyclic	None detected	None detected	0
BS_KEWYG829	amplicon1	Cyclic	Positive	None detected	1
BS_KEWYG829	amplicon2	Cyclic	Positive	None detected	1
BS_Y7PRDGED	amplicon1	Cyclic	Positive	None detected	1
BS_Y7PRDGED	amplicon2	Cyclic	Positive	None detected	1
BS_2F3NJJ7V	amplicon1	Cyclic	Positive	None detected	1
BS_N3FWKZB8	amplicon1	Cyclic	Positive	None detected	1
BS_GBSSZBMF	amplicon1	Cyclic	None detected	Positive	0
BS_X3KSK1AF	amplicon1	Cyclic	Positive	None detected	1
BS_7GF5144B	amplicon1	Cyclic	Positive	None detected	1
BS_NTCKT2C2	amplicon1	Linear	None detected	None detected	0
BS_2296JPP5	amplicon1	Cyclic	Positive	None detected	1
BS_KVC8X5BX	amplicon1	Complex-non-cyclic	None detected	None detected	0
BS_KVC8X5BX	amplicon2	Linear	None detected	None detected	0
BS_53BCKC4V	amplicon1	Cyclic	Positive	None detected	2
BS_53BCKC4V	amplicon2	Cyclic	Positive	None detected	1
BS_53BCKC4V	amplicon3	Cyclic	Positive	None detected	1
BS_53BCKC4V	amplicon4	Cyclic	Positive	None detected	1
BS_53BCKC4V	amplicon5	Complex-non-cyclic	None detected	None detected	0
BS_R1BYKPF1	amplicon1	Complex-non-cyclic	None detected	None detected	0
BS_YC4RWPH3	amplicon1	Cyclic	Positive	None detected	1
BS_SPN3A4M0	amplicon1	Linear	None detected	None detected	0
BS_SPN3A4M0	amplicon2	Linear	None detected	None detected	0
BS_XQGE3TD3	amplicon1	Complex-non-cyclic	None detected	None detected	0
BS_YJ9N6X9G	amplicon1	No amp/Invalid	None detected	None detected	0
BS_EMAYQWCN	amplicon1	Linear	None detected	None detected	0
BS_PCMHH474	amplicon1	Cyclic	Positive	None detected	1
BS_XWYBVJ4R	amplicon1	Cyclic	Positive	None detected	1
BS_XWYBVJ4R	amplicon2	Linear	None detected	None detected	0
BS_XWYBVJ4R	amplicon3	Cyclic	Positive	None detected	1
BS_AHKEJ0E3	amplicon1	Complex-non-cyclic	None detected	None detected	0
BS_7KN8003B	amplicon1	Complex-non-cyclic	None detected	None detected	0
BS_KWHEFBG0	amplicon1	Complex-non-cyclic	None detected	None detected	0
BS_KWHEFBG0	amplicon2	No amp/Invalid	None detected	None detected	0
BS_KWHEFBG0	amplicon3	Cyclic	Positive	None detected	1
BS_KWHEFBG0	amplicon4	Linear	None detected	None detected	0
BS_KWHEFBG0	amplicon5	Cyclic	Positive	None detected	1
BS_KWHEFBG0	amplicon6	Linear	None detected	None detected	0
BS_KWHEFBG0	amplicon7	Linear	None detected	None detected	0
BS_3PATZ29V	amplicon1	Cyclic	Positive	None detected	1
BS_WMXKD55A	amplicon1	Cyclic	Positive	None detected	1
BS_V27ABVGT	amplicon1	Complex-non-cyclic	None detected	None detected	0
BS_02VZJ0QK	amplicon1	Complex-non-cyclic	None detected	None detected	0
BS_YRGD4MKR	amplicon1	Cyclic	Positive	None detected	1
BS_02NHQ9F8	amplicon1	Complex-non-cyclic	None detected	None detected	0
BS_02NHQ9F8	amplicon2	Linear	None detected	None detected	0
BS_02NHQ9F8	amplicon3	Linear	None detected	None detected	0
BS_TYE6Q66H	amplicon1	Cyclic	Positive	None detected	1
BS_EQK3VTV0	amplicon1	Cyclic	Positive	None detected	1
BS_1DA3F1K1	amplicon1	Cyclic	Positive	None detected	1
BS_15BAPZBP	amplicon1	Linear	None detected	None detected	0
BS_YYJDGT6Y	amplicon1	Cyclic	Positive	None detected	1
BS_3JR05TXQ	amplicon1	Linear	None detected	None detected	0
BS_J7EY237P	amplicon1	Cyclic	Positive	None detected	1
BS_TZWCWMJJ	amplicon1	Linear	None detected	None detected	0
BS_1WC7MCRT	amplicon1	Cyclic	Positive	None detected	1
BS_1WC7MCRT	amplicon2	Cyclic	Positive	None detected	1
BS_54HHEWEZ	amplicon1	Cyclic	Positive	None detected	1
BS_54HHEWEZ	amplicon2	Cyclic	Positive	None detected	1
BS_AED5JAXC	amplicon1	Complex-non-cyclic	None detected	None detected	0
BS_97M1BPNE	amplicon1	Cyclic	Positive	None detected	1
BS_9GAN1VK0	amplicon1	Cyclic	Positive	None detected	1
BS_1061K466	amplicon1	Cyclic	None detected	Positive	0
BS_9BJ4Z98D	amplicon1	Linear	None detected	None detected	0
BS_9BJ4Z98D	amplicon2	Cyclic	Positive	None detected	1
BS_HTQ9CT6Q	amplicon1	Cyclic	None detected	Positive	0
BS_HTQ9CT6Q	amplicon2	Linear	None detected	None detected	0
BS_JHWHDEBK	amplicon1	Complex-non-cyclic	None detected	Positive	0
BS_NQDVWQY7	amplicon1	Complex-non-cyclic	None detected	Positive	0
BS_R88BSH78	amplicon1	Cyclic	None detected	Positive	0
BS_6VVG1EBR	amplicon1	Cyclic	Positive	None detected	1
BS_WFJAG7PD	amplicon1	Cyclic	Positive	None detected	1
BS_QSEKE2HK	amplicon1	Linear	None detected	None detected	0
BS_YACC792T	amplicon1	Linear	None detected	None detected	0
BS_S6XJN6XC	amplicon1	Cyclic	Positive	None detected	1
BS_4Y10FCTC	amplicon1	Linear	None detected	None detected	0
BS_4Y10FCTC	amplicon2	Linear	None detected	None detected	0
BS_DQ53BKED	amplicon1	Cyclic	Positive	None detected	1
BS_E4C16ZWG	amplicon1	Complex-non-cyclic	None detected	None detected	0
BS_E1GFZBG3	amplicon1	Complex-non-cyclic	None detected	None detected	0
BS_PS00F8DA	amplicon1	Cyclic	Positive	None detected	1
BS_TFYBVE0A	amplicon1	Cyclic	Positive	None detected	1
BS_XH4QH13B	amplicon1	Cyclic	Positive	None detected	1
BS_E1FCN4JK	amplicon1	Cyclic	Positive	None detected	1
BS_E1FCN4JK	amplicon2	Cyclic	Positive	None detected	1
BS_AM8HDWQZ	amplicon1	Cyclic	Positive	None detected	1
BS_KFZKF2P8	amplicon1	Cyclic	Positive	None detected	1
BS_2C9ZX1NK	amplicon10	Linear	None detected	None detected	0
BS_2C9ZX1NK	amplicon1	Cyclic	Positive	None detected	2
BS_2C9ZX1NK	amplicon2	Linear	None detected	None detected	0
BS_2C9ZX1NK	amplicon3	Cyclic	Positive	None detected	1
BS_2C9ZX1NK	amplicon4	Linear	None detected	None detected	0
BS_2C9ZX1NK	amplicon5	Complex-non-cyclic	None detected	None detected	0
BS_2C9ZX1NK	amplicon6	Complex-non-cyclic	None detected	None detected	0
BS_2C9ZX1NK	amplicon7	No amp/Invalid	None detected	None detected	0
BS_2C9ZX1NK	amplicon8	Cyclic	Positive	None detected	1
BS_2C9ZX1NK	amplicon9	Linear	None detected	None detected	0
BS_B1163H1W	amplicon10	Linear	None detected	None detected	0
BS_B1163H1W	amplicon11	No amp/Invalid	None detected	None detected	0
BS_B1163H1W	amplicon12	Linear	None detected	None detected	0
BS_B1163H1W	amplicon13	Linear	None detected	None detected	0
BS_B1163H1W	amplicon14	Linear	None detected	None detected	0
BS_B1163H1W	amplicon15	Linear	None detected	None detected	0
BS_B1163H1W	amplicon16	Linear	None detected	None detected	0
BS_B1163H1W	amplicon17	No amp/Invalid	None detected	None detected	0
BS_B1163H1W	amplicon18	Cyclic	Positive	None detected	1
BS_B1163H1W	amplicon19	Linear	None detected	None detected	0
BS_B1163H1W	amplicon1	Linear	None detected	None detected	0
BS_B1163H1W	amplicon20	No amp/Invalid	None detected	None detected	0
BS_B1163H1W	amplicon21	No amp/Invalid	None detected	None detected	0
BS_B1163H1W	amplicon22	No amp/Invalid	None detected	None detected	0
BS_B1163H1W	amplicon23	No amp/Invalid	None detected	None detected	0
BS_B1163H1W	amplicon24	No amp/Invalid	None detected	None detected	0
BS_B1163H1W	amplicon25	No amp/Invalid	None detected	None detected	0
BS_B1163H1W	amplicon26	No amp/Invalid	None detected	None detected	0
BS_B1163H1W	amplicon27	No amp/Invalid	None detected	None detected	0
BS_B1163H1W	amplicon28	No amp/Invalid	None detected	None detected	0
BS_B1163H1W	amplicon29	Cyclic	Positive	None detected	1
BS_B1163H1W	amplicon2	Cyclic	Positive	None detected	3
BS_B1163H1W	amplicon30	No amp/Invalid	None detected	None detected	0
BS_B1163H1W	amplicon31	No amp/Invalid	None detected	None detected	0
BS_B1163H1W	amplicon32	Complex-non-cyclic	None detected	None detected	0
BS_B1163H1W	amplicon33	No amp/Invalid	None detected	None detected	0
BS_B1163H1W	amplicon34	No amp/Invalid	None detected	None detected	0
BS_B1163H1W	amplicon35	Complex-non-cyclic	None detected	None detected	0
BS_B1163H1W	amplicon36	Linear	None detected	None detected	0
BS_B1163H1W	amplicon37	Linear	None detected	None detected	0
BS_B1163H1W	amplicon38	Linear	None detected	None detected	0
BS_B1163H1W	amplicon39	Linear	None detected	None detected	0
BS_B1163H1W	amplicon3	No amp/Invalid	None detected	None detected	0
BS_B1163H1W	amplicon40	Linear	None detected	None detected	0
BS_B1163H1W	amplicon41	Linear	None detected	None detected	0
BS_B1163H1W	amplicon42	No amp/Invalid	None detected	None detected	0
BS_B1163H1W	amplicon43	Linear	None detected	None detected	0
BS_B1163H1W	amplicon44	Linear	None detected	None detected	0
BS_B1163H1W	amplicon45	Linear	None detected	None detected	0
BS_B1163H1W	amplicon46	No amp/Invalid	None detected	None detected	0
BS_B1163H1W	amplicon47	Linear	None detected	None detected	0
BS_B1163H1W	amplicon48	Linear	None detected	None detected	0
BS_B1163H1W	amplicon49	Linear	None detected	None detected	0
BS_B1163H1W	amplicon4	Linear	None detected	None detected	0
BS_B1163H1W	amplicon50	Linear	None detected	None detected	0
BS_B1163H1W	amplicon51	No amp/Invalid	None detected	None detected	0
BS_B1163H1W	amplicon52	No amp/Invalid	None detected	None detected	0
BS_B1163H1W	amplicon53	No amp/Invalid	None detected	None detected	0
BS_B1163H1W	amplicon54	No amp/Invalid	None detected	None detected	0
BS_B1163H1W	amplicon55	Linear	None detected	None detected	0
BS_B1163H1W	amplicon56	Linear	None detected	None detected	0
BS_B1163H1W	amplicon57	No amp/Invalid	None detected	None detected	0
BS_B1163H1W	amplicon58	No amp/Invalid	None detected	None detected	0
BS_B1163H1W	amplicon59	No amp/Invalid	None detected	None detected	0
BS_B1163H1W	amplicon5	No amp/Invalid	None detected	None detected	0
BS_B1163H1W	amplicon6	No amp/Invalid	None detected	None detected	0
BS_B1163H1W	amplicon7	No amp/Invalid	None detected	None detected	0
BS_B1163H1W	amplicon8	No amp/Invalid	None detected	None detected	0
BS_B1163H1W	amplicon9	Linear	None detected	None detected	0
BS_Z0BN60RK	amplicon1	Cyclic	Positive	None detected	1
BS_BP8A42GM	amplicon1	Cyclic	Positive	None detected	1
BS_F4CJJFW1	amplicon1	Complex-non-cyclic	None detected	None detected	0
BS_F4CJJFW1	amplicon2	Complex-non-cyclic	None detected	None detected	0
BS_F4CJJFW1	amplicon3	Linear	None detected	None detected	0
BS_F4CJJFW1	amplicon4	Linear	None detected	None detected	0
BS_F4CJJFW1	amplicon5	Complex-non-cyclic	None detected	None detected	0
BS_K9VSRKD1	amplicon1	Cyclic	Positive	None detected	1
BS_VYDJK425	amplicon1	Linear	None detected	None detected	0
BS_VYDJK425	amplicon2	Linear	None detected	None detected	0
BS_VYDJK425	amplicon3	Linear	None detected	None detected	0
BS_VYDJK425	amplicon4	Linear	None detected	None detected	0
BS_VYDJK425	amplicon5	Complex-non-cyclic	None detected	None detected	0
BS_VYDJK425	amplicon6	Linear	None detected	None detected	0
BS_VYDJK425	amplicon7	Cyclic	Positive	None detected	1
BS_VYDJK425	amplicon8	Linear	None detected	None detected	0
BS_W3DXWFMX	amplicon1	Linear	None detected	None detected	0
BS_GM3NRFRR	amplicon10	Complex-non-cyclic	None detected	None detected	0
BS_GM3NRFRR	amplicon11	Linear	None detected	None detected	0
BS_GM3NRFRR	amplicon1	Complex-non-cyclic	None detected	None detected	0
BS_GM3NRFRR	amplicon2	Complex-non-cyclic	None detected	None detected	0
BS_GM3NRFRR	amplicon3	Linear	None detected	None detected	0
BS_GM3NRFRR	amplicon4	Complex-non-cyclic	None detected	None detected	0
BS_GM3NRFRR	amplicon5	Linear	None detected	None detected	0
BS_GM3NRFRR	amplicon6	Linear	None detected	None detected	0
BS_GM3NRFRR	amplicon7	No amp/Invalid	None detected	None detected	0
BS_GM3NRFRR	amplicon8	Linear	None detected	None detected	0
BS_GM3NRFRR	amplicon9	Linear	None detected	None detected	0
BS_A8XRT37Q	amplicon1	Linear	None detected	None detected	0
BS_GY8AVNHY	amplicon1	Cyclic	Positive	None detected	1
BS_GY8AVNHY	amplicon2	Cyclic	Positive	None detected	1
BS_MVQYCQMP	amplicon1	Linear	None detected	None detected	0
BS_551ZH7EV	amplicon1	Cyclic	Positive	None detected	1
BS_065QV76T	amplicon1	Cyclic	Positive	None detected	1
BS_4GMSE5BE	amplicon1	Cyclic	Positive	None detected	1
BS_7314XTPY	amplicon1	Cyclic	Positive	None detected	1
BS_3S1JTYA2	amplicon1	Cyclic	Positive	None detected	1
BS_3S1JTYA2	amplicon2	Complex-non-cyclic	None detected	None detected	0
BS_3S1JTYA2	amplicon3	Cyclic	Positive	None detected	1
BS_S4CG60MW	amplicon1	Cyclic	Positive	None detected	1
BS_J90F99EV	amplicon1	Cyclic	Positive	None detected	1
BS_MEE1Y50H	amplicon1	Complex-non-cyclic	None detected	Positive	0
BS_MEE1Y50H	amplicon2	Linear	None detected	None detected	0
BS_MEE1Y50H	amplicon3	Linear	None detected	None detected	0
BS_MD2R88X3	amplicon1	Linear	None detected	None detected	0
BS_B5V3KSQY	amplicon1	Cyclic	Positive	None detected	1
BS_VXAXJ87Y	amplicon1	Cyclic	Positive	None detected	1
BS_F26AAE9K	amplicon1	Complex-non-cyclic	None detected	None detected	0
BS_4T994QT4	amplicon1	Cyclic	Positive	None detected	1
BS_9XQVJS03	amplicon1	Cyclic	Positive	None detected	1
BS_R06ABMXP	amplicon1	Cyclic	Positive	None detected	1
BS_R06ABMXP	amplicon2	Cyclic	Positive	None detected	1
BS_12TRHKCY	amplicon1	No amp/Invalid	None detected	None detected	0
BS_AVMVWGX0	amplicon1	Cyclic	Positive	None detected	1
BS_89RB2TC2	amplicon1	Complex-non-cyclic	None detected	None detected	0
BS_ZW7VSY3Z	amplicon1	Linear	None detected	None detected	0
BS_9T43YEPA	amplicon1	Linear	None detected	None detected	0
BS_3AQ7V6ZQ	amplicon1	Complex-non-cyclic	None detected	None detected	0
BS_3AQ7V6ZQ	amplicon2	Linear	None detected	None detected	0
BS_5FS4BERE	amplicon1	Complex-non-cyclic	None detected	None detected	0
BS_5FS4BERE	amplicon2	Linear	None detected	None detected	0
BS_K9APGGRV	amplicon1	Complex-non-cyclic	None detected	None detected	0
BS_K9APGGRV	amplicon2	Linear	None detected	None detected	0
BS_K9APGGRV	amplicon3	Complex-non-cyclic	None detected	None detected	0
BS_YKB20Z8Y	amplicon1	Complex-non-cyclic	None detected	None detected	0
BS_R8820GP1	amplicon1	Cyclic	Positive	None detected	1
BS_MZS6FZKF	amplicon1	Cyclic	Positive	None detected	1
BS_D1CNC603	amplicon1	Linear	None detected	None detected	0
BS_DPRBAXTR	amplicon1	Cyclic	Positive	None detected	1
BS_DPRBAXTR	amplicon2	Cyclic	Positive	None detected	1
BS_P3NDA9Z7	amplicon1	Cyclic	None detected	Positive	0
BS_X2VRDBVG	amplicon1	Cyclic	Positive	None detected	1
BS_X2VRDBVG	amplicon2	Cyclic	Positive	None detected	2
BS_X2VRDBVG	amplicon3	Cyclic	Positive	None detected	1
BS_X2VRDBVG	amplicon4	Complex-non-cyclic	None detected	None detected	0
BS_9E2FF9ZP	amplicon1	Cyclic	Positive	None detected	1
BS_9Y9BQ8Y8	amplicon1	Linear	None detected	None detected	0
BS_5FPTB368	amplicon1	Cyclic	Positive	None detected	1
BS_091H6TKY	amplicon1	Linear	None detected	None detected	0
BS_43EZNGJ1	amplicon1	Linear	None detected	None detected	0
BS_B5S27A0B	amplicon1	Linear	None detected	None detected	0
BS_NE82PE7G	amplicon1	Linear	None detected	None detected	0
BS_00GG0R70	amplicon1	Linear	None detected	None detected	0
BS_2T4EJ6KN	amplicon1	Cyclic	Positive	None detected	1
BS_2T4EJ6KN	amplicon2	Linear	None detected	None detected	0
BS_537YFJ06	amplicon1	Cyclic	Positive	None detected	1
BS_537YFJ06	amplicon2	Linear	None detected	None detected	0
BS_ANZMQ09Q	amplicon1	Complex-non-cyclic	None detected	None detected	0
BS_ANZMQ09Q	amplicon2	Linear	None detected	None detected	0
BS_ANZMQ09Q	amplicon3	Cyclic	Positive	None detected	1
BS_ANZMQ09Q	amplicon4	Linear	None detected	None detected	0
BS_ANZMQ09Q	amplicon5	Linear	None detected	None detected	0
BS_ANZMQ09Q	amplicon6	Linear	None detected	None detected	0
BS_ANZMQ09Q	amplicon7	Linear	None detected	None detected	0
BS_BF2MCS03	amplicon1	Cyclic	Positive	None detected	1
BS_BF2MCS03	amplicon2	Linear	None detected	None detected	0
BS_E3N4JN0X	amplicon1	Cyclic	Positive	None detected	3
BS_E3N4JN0X	amplicon2	Linear	None detected	None detected	0
BS_E3N4JN0X	amplicon3	No amp/Invalid	None detected	None detected	0
BS_EJP43CD9	amplicon1	Cyclic	Positive	None detected	2
BS_EJP43CD9	amplicon2	Linear	None detected	None detected	0
BS_EJP43CD9	amplicon3	Cyclic	Positive	None detected	1
BS_M29BNE7Z	amplicon1	Cyclic	Positive	None detected	1
BS_M29BNE7Z	amplicon2	No amp/Invalid	None detected	None detected	0
BS_M29BNE7Z	amplicon3	No amp/Invalid	None detected	None detected	0
BS_GW7MKKP9	amplicon1	Cyclic	Positive	None detected	1
BS_HPVAR2P6	amplicon1	Cyclic	Positive	None detected	5
BS_PBP7633F	amplicon1	Linear	None detected	None detected	0
BS_QWCKETN7	amplicon1	Cyclic	Positive	None detected	1
BS_PA5M3880	amplicon1	Cyclic	Positive	None detected	1
BS_A9S5HT6P	amplicon1	No amp/Invalid	None detected	None detected	0
BS_XEVMEYFS	amplicon1	Cyclic	Positive	None detected	1
BS_XEVMEYFS	amplicon2	No amp/Invalid	None detected	None detected	0
BS_59FR1NC2	amplicon1	Linear	None detected	None detected	0
BS_GRECE8Q9	amplicon1	No amp/Invalid	None detected	None detected	0
BS_PMFR8NPN	amplicon1	Cyclic	Positive	None detected	1
BS_PMFR8NPN	amplicon2	Cyclic	Positive	None detected	1
BS_PMFR8NPN	amplicon3	Complex-non-cyclic	None detected	None detected	0
BS_KYPMZZSY	amplicon1	Complex-non-cyclic	None detected	None detected	0
BS_C2NH5FDT	amplicon1	Cyclic	Positive	None detected	1
BS_PPY0EWPG	amplicon1	Cyclic	Positive	None detected	1
BS_AFAHY6HP	amplicon1	Complex-non-cyclic	None detected	None detected	0
BS_AFAHY6HP	amplicon2	Linear	None detected	None detected	0
BS_AFAHY6HP	amplicon3	Linear	None detected	None detected	0
BS_0W8AWY10	amplicon1	Linear	None detected	None detected	0
BS_A3EV6FXK	amplicon1	Complex-non-cyclic	None detected	None detected	0
BS_B4P1NP87	amplicon1	Cyclic	Positive	None detected	1
BS_QMY84KF4	amplicon1	Cyclic	Positive	None detected	1
BS_6FYTRKJJ	amplicon1	Linear	None detected	None detected	0
BS_83MSWR59	amplicon1	Complex-non-cyclic	None detected	None detected	0
BS_MVC1NCZX	amplicon1	Linear	None detected	None detected	0
BS_XBE002WV	amplicon1	Linear	None detected	None detected	0
BS_9GJHMA3J	amplicon1	Linear	None detected	None detected	0
BS_9GJHMA3J	amplicon2	Cyclic	Positive	None detected	1
BS_9GJHMA3J	amplicon3	Linear	None detected	None detected	0
BS_Y3472DYJ	amplicon1	Linear	None detected	None detected	0
BS_9N3B3HZB	amplicon1	Linear	None detected	None detected	0
BS_KPWRDRFP	amplicon1	No amp/Invalid	None detected	None detected	0
BS_9M49SGAQ	amplicon1	Cyclic	Positive	None detected	1
BS_GS9JCK55	amplicon1	Linear	None detected	None detected	0
BS_GS9JCK55	amplicon2	Linear	None detected	None detected	0
BS_JM979K1M	amplicon1	Linear	None detected	None detected	0
BS_Z5VJCFNP	amplicon1	Linear	None detected	None detected	0
BS_B9QP40ER	amplicon1	Cyclic	Positive	None detected	1
BS_8Q8N6AHW	amplicon1	Complex-non-cyclic	None detected	None detected	0
BS_8Q8N6AHW	amplicon2	Linear	None detected	None detected	0
BS_EJV0N3BX	amplicon1	Cyclic	Positive	None detected	1
BS_EJV0N3BX	amplicon2	Complex-non-cyclic	None detected	Positive	0
BS_3NX3RBCX	amplicon1	Cyclic	Positive	None detected	2
BS_3E5C1PN1	amplicon1	Linear	None detected	None detected	0
BS_3E5C1PN1	amplicon2	Cyclic	Positive	None detected	1
BS_QG6V29H7	amplicon1	Linear	None detected	None detected	0
BS_QG6V29H7	amplicon2	Cyclic	Positive	None detected	1
BS_S0T3CQ97	amplicon1	Cyclic	Positive	None detected	1
BS_DJYDRZWZ	amplicon1	No amp/Invalid	None detected	None detected	0
BS_KHSYAB3J	amplicon1	Linear	None detected	None detected	0
BS_JB3J82ZK	amplicon1	Cyclic	Positive	None detected	1
BS_X1DSETVE	amplicon1	Linear	None detected	None detected	0
BS_X1DSETVE	amplicon2	Cyclic	Positive	None detected	1
BS_QQP17PDQ	amplicon1	Complex-non-cyclic	None detected	None detected	0
BS_QQP17PDQ	amplicon2	Cyclic	Positive	None detected	1
BS_RXSBJ929	amplicon1	Complex-non-cyclic	None detected	None detected	0
BS_RXSBJ929	amplicon2	Cyclic	Positive	None detected	1
BS_S791VC80	amplicon1	Complex-non-cyclic	None detected	None detected	0
BS_S791VC80	amplicon2	Cyclic	Positive	None detected	1
BS_AFBPM6CN	amplicon1	Complex-non-cyclic	None detected	None detected	0
BS_AFBPM6CN	amplicon2	Linear	None detected	None detected	0
BS_AFBPM6CN	amplicon3	Complex-non-cyclic	None detected	None detected	0
BS_AFBPM6CN	amplicon4	Linear	None detected	None detected	0
BS_H0638GZT	amplicon1	No amp/Invalid	None detected	None detected	0
BS_16JT2DCA	amplicon1	No amp/Invalid	None detected	None detected	0
BS_R1G6SG0K	amplicon1	Linear	None detected	None detected	0
BS_79NQJZ09	amplicon1	Linear	None detected	None detected	0
BS_79NQJZ09	amplicon2	Linear	None detected	None detected	0
BS_00TRPEQX	amplicon1	Cyclic	Positive	None detected	1
BS_1M63B97V	amplicon1	Complex-non-cyclic	None detected	None detected	0
BS_1M63B97V	amplicon2	Cyclic	Positive	None detected	1
BS_BQWMQM2Y	amplicon1	Complex-non-cyclic	None detected	None detected	0
BS_D368BNRD	amplicon1	Complex-non-cyclic	None detected	None detected	0
BS_80078QDG	amplicon1	Cyclic	Positive	None detected	1
BS_80078QDG	amplicon2	Cyclic	Positive	None detected	1
BS_EP25TTAG	amplicon1	Complex-non-cyclic	None detected	None detected	0
BS_EP25TTAG	amplicon2	Cyclic	Positive	None detected	1
BS_EP25TTAG	amplicon3	Cyclic	Positive	None detected	2
BS_EP25TTAG	amplicon4	Cyclic	Positive	None detected	1
BS_P4K6WK9Y	amplicon1	Cyclic	Positive	None detected	1
BS_P3PF53V8	amplicon1	Linear	None detected	None detected	0
BS_P3PF53V8	amplicon2	Linear	None detected	None detected	0
BS_0TCRV9AC	amplicon1	Cyclic	Positive	None detected	1
BS_0TCRV9AC	amplicon2	Cyclic	Positive	None detected	1
BS_0TCRV9AC	amplicon3	Cyclic	Positive	None detected	1
BS_ABZ3BK38	amplicon1	Cyclic	Positive	None detected	1
BS_ABZ3BK38	amplicon2	Cyclic	Positive	None detected	1
BS_ABZ3BK38	amplicon3	Cyclic	Positive	None detected	1
BS_J4E9SW51	amplicon1	Linear	None detected	None detected	0
BS_KSHETTQC	amplicon1	Linear	None detected	None detected	0
BS_C19DFVR5	amplicon1	Linear	None detected	None detected	0
BS_C19DFVR5	amplicon2	Cyclic	Positive	None detected	1
BS_C19DFVR5	amplicon3	Complex-non-cyclic	None detected	None detected	0
BS_GGY4Q2C9	amplicon1	Cyclic	Positive	None detected	1
BS_AYPBAHJ6	amplicon1	Linear	None detected	None detected	0
BS_AYPBAHJ6	amplicon2	Complex-non-cyclic	None detected	None detected	0
BS_JGKRN7NA	amplicon1	Complex-non-cyclic	None detected	None detected	0
BS_JGKRN7NA	amplicon2	Complex-non-cyclic	None detected	None detected	0
BS_JGKRN7NA	amplicon3	Linear	None detected	None detected	0
BS_XMP9XNR9	amplicon1	Linear	None detected	None detected	0
BS_XMP9XNR9	amplicon2	Complex-non-cyclic	None detected	None detected	0
BS_FKQ7F6D1	amplicon1	Linear	None detected	None detected	0
BS_FKQ7F6D1	amplicon2	Cyclic	Positive	None detected	1
BS_FKQ7F6D1	amplicon3	Linear	None detected	None detected	0
BS_M4E4H6NG	amplicon1	Cyclic	Positive	None detected	1
BS_3BMGF6GN	amplicon1	Cyclic	Positive	None detected	1
BS_W2QCHQ7E	amplicon1	Complex-non-cyclic	None detected	None detected	0
BS_TF5TTEXH	amplicon1	Cyclic	Positive	None detected	1
BS_WPCBK1EG	amplicon1	Cyclic	Positive	None detected	1
BS_WPCBK1EG	amplicon2	Complex-non-cyclic	None detected	None detected	0
BS_J6VRW67C	amplicon1	No amp/Invalid	None detected	None detected	0
BS_5R0HHQ1Y	amplicon1	Linear	None detected	None detected	0
BS_10AD3EFX	amplicon1	Linear	None detected	None detected	0
BS_ZKZACPVV	amplicon1	No amp/Invalid	None detected	None detected	0
BS_0XD58YD9	amplicon1	No amp/Invalid	None detected	None detected	0
BS_41TD9XET	amplicon1	Linear	None detected	None detected	0
BS_VPGCVSYB	amplicon1	No amp/Invalid	None detected	None detected	0
BS_TZPJHKQR	amplicon1	Complex-non-cyclic	None detected	None detected	0
BS_32JF8TPP	amplicon1	Linear	None detected	None detected	0
BS_XHAQXDR0	amplicon1	Linear	None detected	None detected	0
BS_RGSJMSRE	amplicon1	Linear	None detected	None detected	0
BS_KH0NFCWF	amplicon1	No amp/Invalid	None detected	None detected	0
BS_05S9WJW6	amplicon1	Linear	None detected	None detected	0
BS_NMQTPVFW	amplicon1	Linear	None detected	None detected	0
BS_5KFAEMQJ	amplicon1	Cyclic	Positive	None detected	1
BS_TNQKJZCP	amplicon1	Cyclic	Positive	None detected	1
BS_1CZPVCXR	amplicon1	Complex-non-cyclic	None detected	None detected	0
BS_F8KR1QWE	amplicon1	Complex-non-cyclic	None detected	None detected	0
BS_F8KR1QWE	amplicon2	Cyclic	Positive	None detected	1
BS_3CG2N4PD	amplicon1	Cyclic	Positive	None detected	1
BS_BX8AR74E	amplicon1	Linear	None detected	None detected	0
BS_BX8AR74E	amplicon2	Cyclic	Positive	None detected	1
BS_E1VJCEWB	amplicon1	Cyclic	Positive	None detected	1
BS_CKX0R5FN	amplicon1	Cyclic	Positive	None detected	1
BS_CKX0R5FN	amplicon2	Cyclic	Positive	None detected	1
BS_P99S85CY	amplicon1	Complex-non-cyclic	None detected	None detected	0
BS_P99S85CY	amplicon2	Cyclic	Positive	None detected	1
BS_W3R2DQ86	amplicon1	Linear	None detected	None detected	0
BS_A4KYP5H0	amplicon1	Cyclic	Positive	None detected	1
BS_G4EX0H98	amplicon1	Cyclic	Positive	None detected	1
BS_N4B3WB8W	amplicon1	Cyclic	Positive	None detected	1
BS_KRYYDC2X	amplicon1	Linear	None detected	None detected	0
BS_3J4T2YYW	amplicon1	No amp/Invalid	None detected	None detected	0
BS_ZV21J6YW	amplicon1	Cyclic	Positive	None detected	1
BS_2J4FG4HV	amplicon1	Cyclic	Positive	None detected	2
BS_2J4FG4HV	amplicon2	No amp/Invalid	None detected	None detected	0
BS_2J4FG4HV	amplicon3	Linear	None detected	None detected	0
BS_5JC116NM	amplicon1	Cyclic	Positive	None detected	1
BS_W37QBA12	amplicon1	Cyclic	Positive	None detected	2
BS_W37QBA12	amplicon2	Linear	None detected	None detected	0
BS_W37QBA12	amplicon3	Linear	None detected	None detected	0
BS_10V9SAG8	amplicon1	Cyclic	Positive	None detected	1
BS_YETTZ1NC	amplicon1	Linear	None detected	None detected	0
BS_YETTZ1NC	amplicon2	Linear	None detected	None detected	0
BS_YETTZ1NC	amplicon3	Cyclic	Positive	None detected	1
BS_YETTZ1NC	amplicon4	Cyclic	Positive	None detected	1
BS_25VZM81R	amplicon1	Cyclic	Positive	None detected	1
BS_A70G7S2W	amplicon1	Cyclic	Positive	None detected	1
BS_WH8KWW5J	amplicon1	Cyclic	Positive	None detected	1
BS_WH8KWW5J	amplicon2	Linear	None detected	None detected	0
BS_WH8KWW5J	amplicon3	Linear	None detected	None detected	0
BS_WH8KWW5J	amplicon4	Complex-non-cyclic	None detected	None detected	0
BS_WH8KWW5J	amplicon5	Linear	None detected	None detected	0
BS_WH8KWW5J	amplicon6	Linear	None detected	None detected	0
BS_4NPEMNAD	amplicon1	Cyclic	Positive	None detected	1
BS_F0GNWEJJ	amplicon1	Linear	None detected	None detected	0
BS_F0GNWEJJ	amplicon2	Linear	None detected	None detected	0
BS_F0GNWEJJ	amplicon3	Linear	None detected	None detected	0
BS_A1DV9T7G	amplicon1	Cyclic	Positive	None detected	1
BS_A1DV9T7G	amplicon2	Linear	None detected	None detected	0
BS_A1DV9T7G	amplicon3	Linear	None detected	None detected	0
BS_A1DV9T7G	amplicon4	Cyclic	Positive	None detected	1
BS_A1DV9T7G	amplicon5	Linear	None detected	None detected	0
BS_A1DV9T7G	amplicon6	Complex-non-cyclic	None detected	None detected	0
BS_A1DV9T7G	amplicon7	Linear	None detected	None detected	0
BS_K07KNTFY	amplicon1	Cyclic	Positive	None detected	1
BS_69VS8PS1	amplicon1	Cyclic	Positive	None detected	1
BS_TE8QFF7T	amplicon1	Cyclic	Positive	None detected	1
BS_XJZQA3AP	amplicon1	Cyclic	Positive	None detected	1
BS_0ZR4XA69	amplicon1	Linear	None detected	None detected	0
BS_GWPJKM7G	amplicon1	Cyclic	Positive	None detected	1
BS_GWPJKM7G	amplicon2	Cyclic	Positive	None detected	1
BS_SQSH5G7A	amplicon1	Cyclic	None detected	Positive	0
BS_8SYN7GXG	amplicon1	Linear	None detected	None detected	0
BS_8SYN7GXG	amplicon2	Cyclic	Positive	None detected	1
BS_8SYN7GXG	amplicon3	Linear	None detected	None detected	0
BS_3Z40EZHD	amplicon1	Cyclic	None detected	Positive	0
BS_JRFVST47	amplicon1	Complex-non-cyclic	None detected	None detected	0
BS_JRFVST47	amplicon2	Cyclic	Positive	None detected	1
BS_7GKF6M85	amplicon1	Cyclic	Positive	None detected	1
BS_FK3B5SDH	amplicon1	No amp/Invalid	None detected	None detected	0
BS_AHAXPFG3	amplicon1	Cyclic	Positive	None detected	1
BS_AHAXPFG3	amplicon2	Linear	None detected	None detected	0
BS_HEJ72V3F	amplicon1	Complex-non-cyclic	None detected	None detected	0
BS_HEJ72V3F	amplicon2	Linear	None detected	None detected	0
BS_4DQAQFQH	amplicon1	Linear	None detected	None detected	0
BS_4DQAQFQH	amplicon2	Linear	None detected	None detected	0
BS_4DQAQFQH	amplicon3	Linear	None detected	None detected	0
BS_4DQAQFQH	amplicon4	No amp/Invalid	None detected	None detected	0
BS_4DQAQFQH	amplicon5	Linear	None detected	None detected	0
BS_4DQAQFQH	amplicon6	No amp/Invalid	None detected	None detected	0
BS_TQ0J7WJQ	amplicon1	Linear	None detected	None detected	0
BS_B19AWBBW	amplicon1	Complex-non-cyclic	None detected	None detected	0
BS_JD05XR6E	amplicon1	Cyclic	Positive	None detected	1
BS_CBMAWSAR	amplicon1	Complex-non-cyclic	None detected	None detected	0
BS_CBMAWSAR	amplicon2	Complex-non-cyclic	None detected	None detected	0
BS_CBMAWSAR	amplicon3	Linear	None detected	None detected	0
BS_ZSH09N84	amplicon1	Complex-non-cyclic	None detected	None detected	0
BS_RWJ0571Q	amplicon1	Cyclic	Positive	None detected	4
BS_682Z7WH6	amplicon1	Linear	None detected	None detected	0
BS_AF5D41PD	amplicon1	Cyclic	Positive	None detected	1
BS_AF5D41PD	amplicon2	Complex-non-cyclic	None detected	None detected	0
BS_HYKV2TH9	amplicon1	Cyclic	Positive	None detected	1
BS_HYKV2TH9	amplicon2	Cyclic	Positive	None detected	2
BS_NNFDFAFM	amplicon1	Linear	None detected	None detected	0
BS_JEZBA2EW	amplicon1	Linear	None detected	None detected	0
BS_JEZBA2EW	amplicon2	Linear	None detected	None detected	0
SJACT001_D	amplicon1	Cyclic	Positive	None detected	1
SJACT001_D	amplicon2	Complex-non-cyclic	None detected	None detected	0
SJACT005_D	amplicon10	Linear	None detected	None detected	0
SJACT005_D	amplicon11	Linear	None detected	None detected	0
SJACT005_D	amplicon12	No amp/Invalid	None detected	None detected	0
SJACT005_D	amplicon13	Complex-non-cyclic	None detected	None detected	0
SJACT005_D	amplicon14	Linear	None detected	None detected	0
SJACT005_D	amplicon15	Linear	None detected	None detected	0
SJACT005_D	amplicon1	Complex-non-cyclic	None detected	None detected	0
SJACT005_D	amplicon2	Linear	None detected	None detected	0
SJACT005_D	amplicon3	No amp/Invalid	None detected	None detected	0
SJACT005_D	amplicon4	Linear	None detected	None detected	0
SJACT005_D	amplicon5	Linear	None detected	None detected	0
SJACT005_D	amplicon6	Linear	None detected	None detected	0
SJACT005_D	amplicon7	Complex-non-cyclic	None detected	None detected	0
SJACT005_D	amplicon8	No amp/Invalid	None detected	None detected	0
SJACT005_D	amplicon9	Cyclic	Positive	None detected	1
SJACT030812_D1	amplicon1	Complex-non-cyclic	None detected	None detected	0
SJACT069_D	amplicon1	Linear	None detected	None detected	0
SJACT069_D	amplicon2	Cyclic	Positive	None detected	1
SJACT069_D	amplicon3	Cyclic	Positive	None detected	1
SJACT069_D	amplicon4	Complex-non-cyclic	None detected	None detected	0
SJACT069_D	amplicon5	Linear	None detected	None detected	0
SJBT030078_D1	amplicon1	Cyclic	None detected	Positive	0
SJBT030809_D1	amplicon1	Cyclic	Positive	None detected	1
SJBT030809_D1	amplicon2	Linear	None detected	None detected	0
SJHGG002_D	amplicon1	Cyclic	Positive	None detected	1
SJHGG004_D	amplicon1	Cyclic	None detected	Positive	0
SJHGG010_D	amplicon1	Linear	None detected	None detected	0
SJHGG011_D	amplicon1	Linear	None detected	None detected	0
SJHGG011_D	amplicon2	Complex-non-cyclic	None detected	None detected	0
SJHGG011_D	amplicon3	Complex-non-cyclic	None detected	None detected	0
SJHGG011_D	amplicon4	Cyclic	Positive	None detected	1
SJHGG011_D	amplicon5	Cyclic	Positive	None detected	1
SJHGG019_E	amplicon1	Linear	None detected	None detected	0
SJHGG019_E	amplicon2	Cyclic	Positive	None detected	1
SJHGG019_S	amplicon1	Cyclic	Positive	None detected	1
SJHGG019_S	amplicon2	Cyclic	None detected	Positive	0
SJHGG022_D	amplicon1	Linear	None detected	None detected	0
SJHGG030230_D1	amplicon1	Cyclic	Positive	None detected	1
SJHGG030230_R1	amplicon1	Cyclic	Positive	None detected	1
SJHGG044_D	amplicon1	Cyclic	Positive	None detected	1
SJHM030102_D1	amplicon1	Linear	None detected	None detected	0
SJLGG040_D	amplicon1	Cyclic	Positive	None detected	1
SJMEL030508_D1	amplicon1	Linear	None detected	None detected	0
SJMEL030604_D1	amplicon1	Complex-non-cyclic	None detected	None detected	0
SJNBL001_D	amplicon1	Complex-non-cyclic	None detected	None detected	0
SJNBL004_D	amplicon1	Cyclic	Positive	None detected	1
SJNBL007_D	amplicon1	Linear	None detected	None detected	0
SJNBL008_D	amplicon1	Cyclic	Positive	None detected	1
SJNBL010_D	amplicon1	Cyclic	Positive	None detected	1
SJNBL012_D	amplicon1	Cyclic	Positive	None detected	1
SJNBL013_D	amplicon1	Linear	None detected	None detected	0
SJNBL014_D	amplicon1	Cyclic	Positive	None detected	1
SJNBL015_D	amplicon1	Linear	None detected	None detected	0
SJNBL016_D	amplicon1	Cyclic	Positive	None detected	1
SJNBL017_D	amplicon1	Cyclic	Positive	None detected	1
SJNBL019_D	amplicon1	Cyclic	Positive	None detected	1
SJNBL021_D	amplicon1	Cyclic	Positive	None detected	1
SJNBL023_D	amplicon1	Cyclic	Positive	None detected	1
SJNBL027_D	amplicon1	Cyclic	Positive	None detected	1
SJNBL030096_D1	amplicon1	Cyclic	Positive	None detected	1
SJNBL030107_D1	amplicon1	Cyclic	Positive	None detected	1
SJNBL030177_D1	amplicon1	Cyclic	Positive	None detected	1
SJNBL030820_D1	amplicon1	Cyclic	Positive	None detected	1
SJNBL030_D	amplicon1	Cyclic	Positive	None detected	1
SJNBL031239_D1	amplicon1	Cyclic	Positive	None detected	1
SJNBL033_D	amplicon1	Cyclic	Positive	None detected	1
SJNBL037_D	amplicon1	Linear	None detected	None detected	0
SJNBL037_D	amplicon2	Linear	None detected	None detected	0
SJNBL044_D	amplicon1	Cyclic	Positive	None detected	1
SJNBL046_D	amplicon1	Cyclic	None detected	Positive	0
SJNBL101_D	amplicon1	Cyclic	Positive	None detected	1
SJNBL105_D	amplicon1	Cyclic	None detected	Positive	0
SJNBL117_D	amplicon1	Cyclic	Positive	None detected	1
SJNBL124_D	amplicon1	Cyclic	Positive	Positive	1
SJNBL186_R	amplicon1	Cyclic	Positive	None detected	1
SJNBL187_R	amplicon1	Cyclic	Positive	None detected	1
SJNBL189_R	amplicon1	Cyclic	Positive	None detected	1
SJNBL191_R	amplicon1	Cyclic	Positive	None detected	1
SJNBL192_R	amplicon1	Cyclic	Positive	None detected	1
SJNBL193_R	amplicon1	Linear	None detected	None detected	0
SJNBL194_R	amplicon1	Cyclic	Positive	None detected	1
SJNBL194_R	amplicon2	Linear	None detected	None detected	0
SJNBL195_R	amplicon1	Cyclic	Positive	None detected	1
SJNBL196_R	amplicon1	Cyclic	Positive	None detected	1
SJNBL197_R	amplicon1	Cyclic	Positive	None detected	1
SJNBL198_R	amplicon1	Cyclic	Positive	None detected	1
SJOS001101_M8	amplicon1	Linear	None detected	None detected	0
SJOS001101_M8	amplicon2	Cyclic	Positive	None detected	1
SJOS001101_M8	amplicon3	Cyclic	Positive	None detected	1
SJOS001101_M8	amplicon4	Complex-non-cyclic	None detected	None detected	0
SJOS001101_M8	amplicon5	Linear	None detected	None detected	0
SJOS001101_M8	amplicon6	Linear	None detected	None detected	0
SJOS001101_M8	amplicon7	Linear	None detected	None detected	0
SJOS001103_D1	amplicon1	Linear	None detected	None detected	0
SJOS001103_D1	amplicon2	Complex-non-cyclic	None detected	None detected	0
SJOS001103_D1	amplicon3	Linear	None detected	None detected	0
SJOS001103_D1	amplicon4	Linear	None detected	None detected	0
SJOS001103_D1	amplicon5	Linear	None detected	None detected	0
SJOS001103_D1	amplicon6	Complex-non-cyclic	None detected	None detected	0
SJOS001103_D1	amplicon7	Complex-non-cyclic	None detected	None detected	0
SJOS001104_M1	amplicon1	Cyclic	Positive	None detected	1
SJOS001104_M1	amplicon2	No amp/Invalid	None detected	None detected	0
SJOS001105_D1	amplicon1	Linear	None detected	None detected	0
SJOS001105_D1	amplicon2	Linear	None detected	None detected	0
SJOS001105_D1	amplicon3	Cyclic	Positive	None detected	2
SJOS001105_D1	amplicon4	Linear	None detected	None detected	0
SJOS001105_D1	amplicon5	Linear	None detected	None detected	0
SJOS001105_D1	amplicon6	Linear	None detected	None detected	0
SJOS001105_D1	amplicon7	Linear	None detected	None detected	0
SJOS001106_D1	amplicon1	Complex-non-cyclic	None detected	None detected	0
SJOS001106_D1	amplicon2	Linear	None detected	None detected	0
SJOS001106_D1	amplicon3	Linear	None detected	None detected	0
SJOS001106_D1	amplicon4	Complex-non-cyclic	None detected	None detected	0
SJOS001106_D1	amplicon5	Complex-non-cyclic	None detected	None detected	0
SJOS001107_M1	amplicon1	Complex-non-cyclic	None detected	None detected	0
SJOS001108_M1	amplicon1	Cyclic	Positive	None detected	1
SJOS001108_M1	amplicon2	No amp/Invalid	None detected	None detected	0
SJOS001108_M1	amplicon3	Linear	None detected	None detected	0
SJOS001109_D1	amplicon10	Complex-non-cyclic	None detected	None detected	0
SJOS001109_D1	amplicon11	Complex-non-cyclic	None detected	None detected	0
SJOS001109_D1	amplicon12	Complex-non-cyclic	None detected	None detected	0
SJOS001109_D1	amplicon1	Linear	None detected	None detected	0
SJOS001109_D1	amplicon2	Complex-non-cyclic	None detected	None detected	1
SJOS001109_D1	amplicon3	Cyclic	Positive	None detected	1
SJOS001109_D1	amplicon4	Linear	None detected	None detected	0
SJOS001109_D1	amplicon5	No amp/Invalid	None detected	None detected	0
SJOS001109_D1	amplicon6	Linear	None detected	None detected	0
SJOS001109_D1	amplicon7	Linear	None detected	None detected	0
SJOS001109_D1	amplicon8	Linear	None detected	None detected	0
SJOS001109_D1	amplicon9	Cyclic	Positive	None detected	7
SJOS001110_D1	amplicon1	Cyclic	Positive	None detected	1
SJOS001111_M1	amplicon10	Complex-non-cyclic	None detected	None detected	0
SJOS001111_M1	amplicon11	Linear	None detected	None detected	0
SJOS001111_M1	amplicon12	Complex-non-cyclic	None detected	None detected	0
SJOS001111_M1	amplicon13	Linear	None detected	None detected	0
SJOS001111_M1	amplicon14	Linear	None detected	None detected	0
SJOS001111_M1	amplicon1	Complex-non-cyclic	None detected	None detected	0
SJOS001111_M1	amplicon2	Linear	None detected	None detected	0
SJOS001111_M1	amplicon3	Cyclic	Positive	None detected	3
SJOS001111_M1	amplicon4	Cyclic	Positive	None detected	1
SJOS001111_M1	amplicon5	Linear	None detected	None detected	0
SJOS001111_M1	amplicon6	Linear	None detected	None detected	0
SJOS001111_M1	amplicon7	Linear	None detected	None detected	0
SJOS001111_M1	amplicon8	Linear	None detected	None detected	0
SJOS001111_M1	amplicon9	Linear	None detected	None detected	0
SJOS001115_D1	amplicon1	Linear	None detected	None detected	0
SJOS001115_D1	amplicon2	Linear	None detected	None detected	0
SJOS001115_D1	amplicon3	Linear	None detected	None detected	0
SJOS001115_D1	amplicon4	No amp/Invalid	None detected	None detected	0
SJOS001115_D1	amplicon5	Linear	None detected	None detected	0
SJOS001115_D1	amplicon6	Cyclic	Positive	None detected	2
SJOS001115_D1	amplicon7	Linear	None detected	None detected	0
SJOS001115_D1	amplicon8	Linear	None detected	None detected	0
SJOS001117_D1	amplicon1	Linear	None detected	None detected	0
SJOS001117_D1	amplicon2	Linear	None detected	None detected	0
SJOS001117_D1	amplicon3	Linear	None detected	None detected	0
SJOS001119_D1	amplicon1	Linear	None detected	None detected	0
SJOS001120_D1	amplicon1	Complex-non-cyclic	None detected	None detected	0
SJOS001120_D1	amplicon2	Linear	None detected	None detected	0
SJOS001120_D1	amplicon3	Linear	None detected	None detected	0
SJOS001120_D1	amplicon4	Linear	None detected	None detected	0
SJOS001120_D1	amplicon5	Cyclic	Positive	None detected	1
SJOS001120_D1	amplicon6	Linear	None detected	None detected	0
SJOS001120_D1	amplicon7	Complex-non-cyclic	None detected	None detected	0
SJOS001120_D1	amplicon8	Linear	None detected	None detected	0
SJOS001124_D1	amplicon1	Complex-non-cyclic	None detected	None detected	0
SJOS001125_D1	amplicon1	Complex-non-cyclic	None detected	None detected	0
SJOS001125_D1	amplicon2	Complex-non-cyclic	None detected	None detected	0
SJOS001125_D1	amplicon3	Complex-non-cyclic	None detected	None detected	0
SJOS001126_D1	amplicon1	Cyclic	Positive	None detected	1
SJOS001128_D1	amplicon1	Linear	None detected	None detected	0
SJOS001128_D1	amplicon2	Linear	None detected	None detected	0
SJOS001128_D1	amplicon3	Linear	None detected	None detected	0
SJOS001128_D1	amplicon4	Complex-non-cyclic	None detected	None detected	0
SJOS001128_D1	amplicon5	Linear	None detected	None detected	0
SJOS001128_D1	amplicon6	Cyclic	Positive	None detected	1
SJOS001128_D1	amplicon7	Complex-non-cyclic	None detected	None detected	0
SJOS002_D	amplicon1	Cyclic	Positive	None detected	1
SJOS003_D	amplicon1	Cyclic	Positive	None detected	1
SJOS004_D	amplicon1	Linear	None detected	None detected	0
SJOS004_D	amplicon2	Complex-non-cyclic	None detected	None detected	0
SJOS004_D	amplicon3	Cyclic	Positive	None detected	5
SJOS004_D	amplicon4	Linear	None detected	None detected	0
SJOS004_D	amplicon5	Linear	None detected	None detected	0
SJOS004_D	amplicon6	No amp/Invalid	None detected	None detected	0
SJOS004_D	amplicon7	Linear	None detected	None detected	0
SJOS005_D	amplicon1	Complex-non-cyclic	None detected	None detected	0
SJOS005_D	amplicon2	Complex-non-cyclic	None detected	None detected	0
SJOS005_D	amplicon3	Complex-non-cyclic	None detected	None detected	0
SJOS006_D	amplicon1	Cyclic	Positive	None detected	1
SJOS006_D	amplicon2	Cyclic	Positive	None detected	1
SJOS006_D	amplicon3	Complex-non-cyclic	None detected	None detected	0
SJOS006_D	amplicon4	Linear	None detected	None detected	0
SJOS008_D	amplicon1	Linear	None detected	None detected	0
SJOS008_D	amplicon2	Complex-non-cyclic	None detected	None detected	0
SJOS010_M	amplicon1	Cyclic	None detected	Positive	0
SJOS011_D	amplicon1	Linear	None detected	None detected	0
SJOS014_D	amplicon1	Complex-non-cyclic	None detected	None detected	0
SJOS014_D	amplicon2	Complex-non-cyclic	None detected	None detected	0
SJOS014_D	amplicon3	Cyclic	Positive	None detected	2
SJOS014_D	amplicon4	Complex-non-cyclic	None detected	None detected	0
SJOS014_D	amplicon5	Linear	None detected	None detected	0
SJOS014_D	amplicon6	Linear	None detected	None detected	0
SJOS014_D	amplicon7	Linear	None detected	None detected	0
SJOS014_D	amplicon8	Complex-non-cyclic	None detected	None detected	0
SJOS015_D	amplicon1	Cyclic	Positive	None detected	1
SJOS016_D	amplicon1	Cyclic	Positive	None detected	1
SJOS016_D	amplicon2	Linear	None detected	None detected	0
SJOS019_D	amplicon1	Linear	None detected	None detected	0
SJOS019_D	amplicon2	Cyclic	Positive	None detected	2
SJOS030101_D1	amplicon1	Cyclic	Positive	None detected	1
SJOS030101_D1	amplicon2	Linear	None detected	None detected	0
SJOS030101_D1	amplicon3	Complex-non-cyclic	None detected	None detected	0
SJOS030101_D1	amplicon4	Linear	None detected	None detected	0
SJOS030129_D1	amplicon1	Linear	None detected	None detected	0
SJOS030272_D1	amplicon1	Cyclic	Positive	None detected	3
SJOS030279_D1	amplicon1	Complex-non-cyclic	None detected	None detected	0
SJOS030422_D1	amplicon1	Linear	None detected	None detected	0
SJOS030422_D1	amplicon2	Cyclic	Positive	None detected	1
SJOS030422_D1	amplicon3	Linear	None detected	None detected	0
SJOS030597_D1	amplicon1	Linear	None detected	None detected	0
SJOS030605_D1	amplicon1	Complex-non-cyclic	None detected	None detected	0
SJOS030605_D1	amplicon2	Cyclic	Positive	None detected	2
SJOS030605_D1	amplicon3	Linear	None detected	None detected	0
SJOS030605_D1	amplicon4	Linear	None detected	None detected	0
SJOS030605_D1	amplicon5	Linear	None detected	None detected	0
SJOS030605_D1	amplicon6	Linear	None detected	None detected	0
SJOS030645_D1	amplicon1	No amp/Invalid	None detected	None detected	0
SJOS030645_D1	amplicon2	Cyclic	Positive	None detected	2
SJOS031071_D1	amplicon1	Linear	None detected	None detected	0
SJOS031071_D1	amplicon2	Complex-non-cyclic	None detected	None detected	0
SJOS031071_D1	amplicon3	Linear	None detected	None detected	0
SJOS031125_D1	amplicon1	Cyclic	Positive	None detected	1
SJOS031130_D1	amplicon1	Cyclic	Positive	None detected	4
SJRB001_D	amplicon1	Cyclic	Positive	None detected	1
SJRB011_D	amplicon1	Cyclic	Positive	None detected	1
SJRB030065_D1	amplicon1	Cyclic	Positive	None detected	1
SJRB030065_D1	amplicon2	Linear	None detected	None detected	0
SJRB030188_D1	amplicon1	Cyclic	Positive	None detected	1
SJRB030199_D1	amplicon1	Cyclic	Positive	None detected	1
SJRB039_D	amplicon1	Cyclic	Positive	None detected	1
SJRB039_D	amplicon2	Cyclic	Positive	None detected	2
SJRHB001_D	amplicon1	Cyclic	Positive	None detected	1
SJRHB003_D	amplicon1	Complex-non-cyclic	None detected	None detected	0
SJRHB003_D	amplicon2	Complex-non-cyclic	None detected	None detected	0
SJRHB003_D	amplicon3	Linear	None detected	None detected	0
SJRHB003_D	amplicon4	Linear	None detected	None detected	0
SJRHB003_D	amplicon5	Linear	None detected	None detected	0
SJRHB003_D	amplicon6	Complex-non-cyclic	None detected	None detected	0
SJRHB003_D	amplicon7	Linear	None detected	None detected	0
SJRHB003_D	amplicon8	Cyclic	Positive	None detected	1
SJRHB003_D	amplicon9	Complex-non-cyclic	None detected	None detected	0
SJRHB004_D	amplicon1	Cyclic	Positive	None detected	2
SJRHB006_D	amplicon1	Cyclic	Positive	None detected	1
SJRHB008_D	amplicon1	Cyclic	Positive	None detected	1
SJRHB009_D	amplicon1	Cyclic	Positive	None detected	1
SJRHB012_S	amplicon1	Cyclic	Positive	None detected	1
SJRHB012_S	amplicon2	Cyclic	Positive	None detected	1
SJRHB030264_D1	amplicon1	Linear	None detected	None detected	0
SJRHB030549_D1	amplicon1	Cyclic	Positive	None detected	2
SJRHB030549_D1	amplicon2	Cyclic	Positive	None detected	1
SJRHB030787_D1	amplicon1	Cyclic	Positive	None detected	1
SJRHB031084_D1	amplicon1	Cyclic	Positive	None detected	1
SJRHB031084_D1	amplicon2	Cyclic	Positive	None detected	3
SJRHB031084_D1	amplicon3	Complex-non-cyclic	None detected	Positive	0
SJRHB031084_D1	amplicon4	Linear	None detected	None detected	0
SJRHB031084_D1	amplicon5	Linear	None detected	None detected	0
SJRHB031117_D1	amplicon1	Cyclic	Positive	None detected	1
SJRHB031210_D1	amplicon1	Cyclic	Positive	None detected	1
SJRHB031210_D1	amplicon2	Cyclic	Positive	None detected	1
SJRHB031244_D2	amplicon1	Cyclic	Positive	None detected	1
SJST030043_D2	amplicon1	Linear	None detected	None detected	0
SJST030043_D2	amplicon2	Cyclic	Positive	None detected	3
SJST030131_D3	amplicon1	Cyclic	Positive	None detected	1
SJST030131_D3	amplicon2	Cyclic	Positive	None detected	1
SJST030131_D3	amplicon3	Complex-non-cyclic	None detected	None detected	0
SJST030131_D3	amplicon4	Linear	None detected	None detected	0
SJST030483_D1	amplicon1	Complex-non-cyclic	None detected	None detected	0
SJST030483_D1	amplicon2	Linear	None detected	None detected	0
SJST030529_D1	amplicon1	Cyclic	Positive	None detected	3
SJST030705_D1	amplicon1	Complex-non-cyclic	None detected	None detected	0
SJST030730_D1	amplicon1	Cyclic	Positive	None detected	1
SJST031189_D1	amplicon1	Complex-non-cyclic	None detected	None detected	0
SJACT062_D	amplicon1	No amp/Invalid	None detected	None detected	0
SJACT062_D	amplicon2	No amp/Invalid	None detected	None detected	0
SJACT062_D	amplicon3	No amp/Invalid	None detected	None detected	0
SJACT062_D	amplicon4	Linear	None detected	None detected	0
SJACT062_D	amplicon5	Cyclic	Positive	None detected	1
SJBALL031914_D2	amplicon1	Linear	None detected	None detected	0
SJBALL031914_D2	amplicon2	Complex-non-cyclic	None detected	None detected	0
SJBALL031914_D3	amplicon1	Linear	None detected	None detected	0
SJBT030826_D2	amplicon1	No amp/Invalid	None detected	None detected	0
SJBT031392_D1	amplicon1	No amp/Invalid	None detected	None detected	0
SJBT031447_D1	amplicon1	Linear	None detected	None detected	0
SJBT031450_D2	amplicon1	Linear	None detected	None detected	0
SJBT031605_D1	amplicon1	Complex-non-cyclic	None detected	None detected	0
SJBT031605_D1	amplicon2	Linear	None detected	None detected	0
SJBT031605_D1	amplicon3	No amp/Invalid	None detected	None detected	0
SJBT032180_D1	amplicon1	Cyclic	Positive	None detected	1
SJBT032844_D1	amplicon1	Complex-non-cyclic	None detected	None detected	0
SJBT032844_D1	amplicon2	Complex-non-cyclic	None detected	None detected	0
SJBT032844_D1	amplicon3	Linear	None detected	None detected	0
SJBT033249_D1	amplicon1	Complex-non-cyclic	None detected	None detected	0
SJEPD027_D	amplicon1	No amp/Invalid	None detected	None detected	0
SJEPD030060_D1	amplicon1	Linear	None detected	None detected	0
SJEPD030250_D1	amplicon1	Linear	None detected	None detected	0
SJEPD030784_D1	amplicon1	Linear	None detected	None detected	0
SJEPD031010_D1	amplicon1	Cyclic	Positive	None detected	1
SJEPD031786_D2	amplicon1	No amp/Invalid	None detected	None detected	0
SJEPD039_D	amplicon1	Linear	None detected	None detected	0
SJHGG003_A	amplicon1	Cyclic	Positive	None detected	1
SJHGG006_A	amplicon1	Complex-non-cyclic	None detected	None detected	0
SJHGG006_A	amplicon2	Cyclic	None detected	Positive	0
SJHGG007_A	amplicon1	No amp/Invalid	None detected	None detected	0
SJHGG009_A	amplicon1	Complex-non-cyclic	None detected	Positive	0
SJHGG009_A	amplicon2	Complex-non-cyclic	None detected	None detected	0
SJHGG009_A	amplicon3	No amp/Invalid	None detected	None detected	0
SJHGG013322_A1	amplicon1	No amp/Invalid	None detected	None detected	0
SJHGG030020_D1	amplicon1	Cyclic	Positive	None detected	1
SJHGG030703_D1	amplicon1	Linear	None detected	None detected	0
SJHGG030803_D2	amplicon1	Cyclic	Positive	None detected	1
SJHGG031184_D2	amplicon1	Linear	None detected	None detected	0
SJHGG031184_D2	amplicon2	Linear	None detected	None detected	0
SJHGG031190_D1	amplicon1	No amp/Invalid	None detected	None detected	0
SJHGG031274_D1	amplicon1	Complex-non-cyclic	None detected	None detected	0
SJHGG031274_D1	amplicon2	Complex-non-cyclic	None detected	None detected	0
SJHGG031274_D1	amplicon3	No amp/Invalid	None detected	None detected	0
SJHGG031282_D1	amplicon1	Cyclic	Positive	None detected	1
SJHGG031321_D1	amplicon1	No amp/Invalid	None detected	None detected	0
SJHGG031322_D1	amplicon1	Complex-non-cyclic	None detected	None detected	0
SJHGG031322_D1	amplicon2	No amp/Invalid	None detected	None detected	0
SJHGG031396_D1	amplicon1	Linear	None detected	None detected	0
SJHGG031590_D1	amplicon1	Linear	None detected	None detected	0
SJHGG031600_D2	amplicon1	Complex-non-cyclic	None detected	None detected	0
SJHGG031600_D2	amplicon2	Complex-non-cyclic	None detected	None detected	0
SJHGG031600_D2	amplicon3	Cyclic	Positive	None detected	1
SJHGG031600_D2	amplicon4	Cyclic	Positive	None detected	1
SJHGG031600_D2	amplicon5	No amp/Invalid	None detected	None detected	0
SJHGG031891_D1	amplicon1	No amp/Invalid	None detected	None detected	0
SJHGG031966_D1	amplicon1	Cyclic	Positive	None detected	1
SJHGG032168_D1	amplicon1	Cyclic	Positive	None detected	1
SJHGG032206_D1	amplicon1	Linear	None detected	None detected	0
SJHGG032466_D1	amplicon1	Linear	None detected	None detected	0
SJHGG032492_D1	amplicon1	Cyclic	Positive	None detected	2
SJHGG032625_D1	amplicon1	Cyclic	Positive	None detected	2
SJHGG032625_D1	amplicon2	Complex-non-cyclic	None detected	None detected	0
SJHGG032625_D1	amplicon3	Complex-non-cyclic	None detected	None detected	0
SJHGG032740_D1	amplicon1	Complex-non-cyclic	None detected	None detected	0
SJHGG032887_D2	amplicon1	No amp/Invalid	None detected	None detected	0
SJHGG052_A	amplicon1	Cyclic	Positive	None detected	2
SJHGG052_A	amplicon2	Cyclic	Positive	None detected	1
SJHGG059115_D1	amplicon1	Linear	None detected	None detected	0
SJHGG059115_D1	amplicon2	Linear	None detected	None detected	0
SJHGG059_A	amplicon1	Linear	None detected	None detected	0
SJHGG075_A	amplicon1	Cyclic	Positive	None detected	1
SJLGG030182_D1	amplicon1	No amp/Invalid	None detected	None detected	0
SJLGG031460_D1	amplicon1	Linear	None detected	None detected	0
SJMB030910_D2	amplicon1	Complex-non-cyclic	None detected	None detected	0
SJMB030910_D2	amplicon2	Complex-non-cyclic	None detected	None detected	0
SJMB030910_D2	amplicon3	Complex-non-cyclic	None detected	None detected	0
SJMB030910_D2	amplicon4	Linear	None detected	None detected	0
SJMB030910_D2	amplicon5	Complex-non-cyclic	None detected	None detected	0
SJMB030910_D2	amplicon6	Cyclic	Positive	None detected	1
SJMB031418_D2	amplicon1	Cyclic	Positive	None detected	1
SJMB031439_D1	amplicon1	Cyclic	Positive	None detected	1
SJMB031439_D1	amplicon2	Linear	None detected	None detected	0
SJMB031439_D1	amplicon3	Cyclic	Positive	None detected	1
SJMB031453_D1	amplicon1	No amp/Invalid	None detected	None detected	0
SJMB031476_D2	amplicon1	No amp/Invalid	None detected	None detected	0
SJMB031476_D3	amplicon1	Complex-non-cyclic	None detected	None detected	0
SJMB031813_D1	amplicon1	Linear	None detected	None detected	0
SJMB031813_D1	amplicon2	Cyclic	Positive	None detected	1
SJMB031853_D1	amplicon1	Cyclic	Positive	None detected	1
SJMB031853_D1	amplicon2	Cyclic	Positive	None detected	1
SJMB032002_D1	amplicon1	Cyclic	Positive	None detected	1
SJMB032351_D2	amplicon1	Cyclic	Positive	None detected	1
SJMB032351_D2	amplicon2	No amp/Invalid	None detected	None detected	0
SJMB032425_D1	amplicon1	Cyclic	Positive	None detected	1
SJMB032578_D1	amplicon1	No amp/Invalid	None detected	None detected	0
SJMB032603_D1	amplicon1	Cyclic	Positive	None detected	1
SJMB032603_D1	amplicon2	Complex-non-cyclic	None detected	None detected	0
SJMEL030083_R2	amplicon1	No amp/Invalid	None detected	None detected	0
SJMEL031086_D3	amplicon1	Cyclic	Positive	None detected	2
SJNBL030810_D2	amplicon1	Cyclic	Positive	None detected	1
SJNBL030810_D2	amplicon2	Cyclic	Positive	None detected	1
SJNBL031668_D1	amplicon1	Cyclic	Positive	None detected	1
SJNBL031668_D1	amplicon2	Linear	None detected	None detected	0
SJNBL031668_D2	amplicon1	Cyclic	Positive	None detected	1
SJNBL031802_D2	amplicon1	Cyclic	Positive	None detected	1
SJNBL032008_D1	amplicon1	Complex-non-cyclic	None detected	None detected	0
SJNBL032008_D1	amplicon2	Linear	None detected	None detected	0
SJNBL032268_D1	amplicon1	Complex-non-cyclic	None detected	None detected	0
SJNBL032268_D1	amplicon2	Linear	None detected	None detected	0
SJNBL032779_D1	amplicon1	Cyclic	Positive	None detected	1
SJNBL032876_D1	amplicon1	Cyclic	Positive	None detected	1
SJOS001101_M2	amplicon1	Complex-non-cyclic	None detected	None detected	0
SJOS001101_M2	amplicon2	Complex-non-cyclic	None detected	Positive	0
SJOS001101_M3	amplicon1	Linear	None detected	None detected	0
SJOS001101_M3	amplicon2	Complex-non-cyclic	None detected	None detected	0
SJOS001101_M3	amplicon3	Complex-non-cyclic	None detected	None detected	0
SJOS001101_M3	amplicon4	Cyclic	Positive	None detected	1
SJOS001101_M3	amplicon5	Complex-non-cyclic	None detected	None detected	0
SJOS001101_M3	amplicon6	Complex-non-cyclic	None detected	None detected	0
SJOS001101_M3	amplicon7	Linear	None detected	None detected	0
SJOS001101_M5	amplicon1	Complex-non-cyclic	None detected	None detected	0
SJOS001101_M5	amplicon2	Cyclic	Positive	None detected	1
SJOS001101_M5	amplicon3	Linear	None detected	None detected	0
SJOS001101_M5	amplicon4	Cyclic	Positive	None detected	1
SJOS001101_M5	amplicon5	Cyclic	Positive	None detected	1
SJOS001101_M5	amplicon6	No amp/Invalid	None detected	None detected	0
SJOS001101_M5	amplicon7	Linear	None detected	None detected	0
SJOS001101_M6	amplicon10	Linear	None detected	None detected	0
SJOS001101_M6	amplicon1	Linear	None detected	None detected	0
SJOS001101_M6	amplicon2	Cyclic	Positive	None detected	2
SJOS001101_M6	amplicon3	Complex-non-cyclic	None detected	None detected	0
SJOS001101_M6	amplicon4	Linear	None detected	None detected	0
SJOS001101_M6	amplicon5	Linear	None detected	None detected	0
SJOS001101_M6	amplicon6	Cyclic	Positive	None detected	1
SJOS001101_M6	amplicon7	Linear	None detected	None detected	0
SJOS001101_M6	amplicon8	Cyclic	None detected	Positive	0
SJOS001101_M6	amplicon9	Linear	None detected	None detected	0
SJOS001101_M7	amplicon1	Linear	None detected	None detected	0
SJOS001101_M7	amplicon2	Linear	None detected	None detected	0
SJOS001101_M7	amplicon3	Complex-non-cyclic	None detected	None detected	0
SJOS001101_M7	amplicon4	Cyclic	Positive	None detected	2
SJOS001101_M7	amplicon5	Linear	None detected	None detected	0
SJOS001101_M7	amplicon6	Linear	None detected	None detected	0
SJOS001101_M7	amplicon7	Cyclic	None detected	Positive	0
SJOS001101_M7	amplicon8	Linear	None detected	None detected	0
SJOS001101_M7	amplicon9	Linear	None detected	None detected	0
SJOS001107_M2	amplicon1	Linear	None detected	None detected	0
SJOS001107_M2	amplicon2	Linear	None detected	None detected	1
SJOS001107_M2	amplicon3	Linear	None detected	None detected	0
SJOS001107_M2	amplicon4	Linear	None detected	None detected	0
SJOS001112_M2	amplicon1	Linear	None detected	None detected	0
SJOS001112_M2	amplicon2	Complex-non-cyclic	None detected	None detected	0
SJOS001112_M2	amplicon3	Linear	None detected	None detected	0
SJOS001112_M2	amplicon4	Linear	None detected	None detected	0
SJOS001112_M2	amplicon5	Linear	None detected	None detected	0
SJOS001112_M2	amplicon6	Complex-non-cyclic	None detected	None detected	0
SJOS001112_M2	amplicon7	Linear	None detected	None detected	0
SJOS001112_M2	amplicon8	No amp/Invalid	None detected	None detected	0
SJOS018_D	amplicon1	Cyclic	Positive	None detected	1
SJOS030422_D2	amplicon1	Cyclic	Positive	None detected	1
SJOS030422_D2	amplicon2	Linear	None detected	None detected	0
SJOS030422_D2	amplicon3	Linear	None detected	None detected	0
SJOS030579_D2	amplicon1	Complex-non-cyclic	None detected	None detected	0
SJOS030579_D2	amplicon2	Linear	None detected	None detected	0
SJOS030579_D2	amplicon3	Linear	None detected	None detected	0
SJOS030579_D2	amplicon4	No amp/Invalid	None detected	None detected	0
SJOS030579_D2	amplicon5	Linear	None detected	None detected	0
SJOS030591_D2	amplicon1	Complex-non-cyclic	None detected	None detected	0
SJOS030591_D2	amplicon2	Linear	None detected	None detected	0
SJOS030591_D2	amplicon3	Linear	None detected	None detected	0
SJOS030591_D2	amplicon4	Linear	None detected	None detected	0
SJOS030591_D2	amplicon5	Linear	None detected	None detected	0
SJOS030591_D2	amplicon6	Linear	None detected	None detected	0
SJOS030591_D2	amplicon7	Linear	None detected	None detected	0
SJOS030591_D2	amplicon8	No amp/Invalid	None detected	None detected	0
SJOS030645_D2	amplicon1	Cyclic	Positive	None detected	2
SJOS030645_D2	amplicon2	Linear	None detected	None detected	0
SJOS030645_D2	amplicon3	Complex-non-cyclic	None detected	None detected	0
SJOS030759_D2	amplicon1	Cyclic	Positive	None detected	1
SJOS030759_D2	amplicon2	No amp/Invalid	None detected	None detected	0
SJOS030861_D3	amplicon1	Cyclic	Positive	None detected	2
SJOS030861_D3	amplicon2	Linear	None detected	None detected	0
SJOS030861_D3	amplicon3	No amp/Invalid	None detected	None detected	0
SJOS031478_D2	amplicon1	Complex-non-cyclic	None detected	None detected	0
SJOS031478_D2	amplicon2	Linear	None detected	None detected	0
SJOS031478_D2	amplicon3	Cyclic	Positive	None detected	1
SJOS031478_D2	amplicon4	Complex-non-cyclic	None detected	None detected	0
SJOS031478_D2	amplicon5	Linear	None detected	None detected	0
SJOS031478_D2	amplicon6	Linear	None detected	None detected	0
SJOS031478_D2	amplicon7	Complex-non-cyclic	None detected	None detected	0
SJOS031782_D1	amplicon1	Cyclic	Positive	None detected	1
SJOS031782_D1	amplicon2	Cyclic	Positive	None detected	1
SJOS031782_D1	amplicon3	Cyclic	Positive	None detected	1
SJOS031782_D1	amplicon4	Cyclic	Positive	None detected	1
SJOS031782_D1	amplicon5	Cyclic	Positive	None detected	1
SJOS031782_D1	amplicon6	Linear	None detected	None detected	0
SJOS031782_D1	amplicon7	Linear	None detected	None detected	0
SJOS031782_D1	amplicon8	Cyclic	Positive	None detected	1
SJOS032468_D1	amplicon1	Complex-non-cyclic	None detected	None detected	0
SJOS032468_D1	amplicon2	Complex-non-cyclic	None detected	None detected	0
SJOS032468_D1	amplicon3	Cyclic	Positive	None detected	1
SJOS032468_D1	amplicon4	Linear	None detected	None detected	0
SJOS032468_D1	amplicon5	Complex-non-cyclic	None detected	None detected	0
SJOS032468_D1	amplicon6	No amp/Invalid	None detected	None detected	0
SJOS032521_D1	amplicon1	Cyclic	Positive	None detected	2
SJOS032521_D1	amplicon2	Complex-non-cyclic	None detected	None detected	0
SJRB032434_D1	amplicon1	No amp/Invalid	None detected	None detected	0
SJRB032703_D1	amplicon1	Linear	None detected	None detected	0
SJRB032703_D1	amplicon2	Linear	None detected	None detected	0
SJRB032703_D1	amplicon3	Linear	None detected	None detected	0
SJRHB011_E	amplicon1	Complex-non-cyclic	None detected	None detected	0
SJRHB012_R	amplicon1	Cyclic	Positive	None detected	1
SJRHB012_R	amplicon2	Cyclic	Positive	None detected	1
SJRHB012_R	amplicon3	Linear	None detected	None detected	0
SJRHB012_R	amplicon4	No amp/Invalid	None detected	None detected	0
SJRHB030549_D2	amplicon1	Cyclic	Positive	None detected	2
SJRHB030549_D2	amplicon2	Linear	None detected	None detected	0
SJRHB030549_D2	amplicon3	Complex-non-cyclic	None detected	None detected	0
SJRHB030549_D2	amplicon4	Linear	None detected	None detected	0
SJRHB030549_D2	amplicon5	No amp/Invalid	None detected	None detected	0
SJRHB030549_D2	amplicon6	No amp/Invalid	None detected	None detected	0
SJRHB031244_D1	amplicon1	Cyclic	Positive	None detected	1
SJRHB031244_D1	amplicon2	Cyclic	Positive	None detected	1
SJRHB031519_D1	amplicon1	Cyclic	Positive	None detected	1
SJRHB031848_D1	amplicon1	Cyclic	None detected	Positive	0
SJRHB032029_D2	amplicon1	Complex-non-cyclic	None detected	None detected	0
SJST030375_D1	amplicon1	Linear	None detected	None detected	0
SJST030375_R1	amplicon1	Linear	None detected	None detected	0
SJST030375_R2	amplicon1	Linear	None detected	None detected	0
SJST031379_D2	amplicon1	Complex-non-cyclic	None detected	None detected	0
SJST031395_D1	amplicon1	Cyclic	Positive	None detected	1
SJST031620_D1	amplicon1	Cyclic	Positive	None detected	1
SJST031623_D1	amplicon1	Cyclic	Positive	None detected	1
SJST031623_D1	amplicon2	Linear	None detected	None detected	0
SJST031623_D1	amplicon3	Complex-non-cyclic	None detected	None detected	0
SJST031758_D1	amplicon1	Linear	None detected	None detected	0
SJST031890_D1	amplicon1	Cyclic	Positive	None detected	1
SJST032152_D1	amplicon1	Complex-non-cyclic	None detected	None detected	0
SJST032152_D1	amplicon2	Linear	None detected	None detected	0
SJST032152_D1	amplicon3	Linear	None detected	None detected	0
SJST032285_D1	amplicon1	Linear	None detected	None detected	0
SJST032330_D1	amplicon1	No amp/Invalid	None detected	None detected	0
SJST032337_D1	amplicon1	No amp/Invalid	None detected	None detected	0
SJST032337_D1	amplicon2	Cyclic	Positive	None detected	1
SJST032337_D1	amplicon3	Cyclic	Positive	None detected	1
SJST032337_D1	amplicon4	No amp/Invalid	None detected	None detected	0
SJST032337_D1	amplicon5	Linear	None detected	None detected	0
SJST032561_D1	amplicon1	Cyclic	Positive	None detected	1
SJST032574_D1	amplicon1	Cyclic	Positive	None detected	1
SJST032574_D2	amplicon1	Cyclic	Positive	None detected	1
SJST032577_D1	amplicon1	Linear	None detected	None detected	0
SJST032843_D1	amplicon1	Linear	None detected	None detected	0
SJST033124_D1	amplicon1	Complex-non-cyclic	None detected	None detected	0
SJST033124_D1	amplicon2	Linear	None detected	None detected	0
SJWLM031333_D1	amplicon1	Cyclic	Positive	None detected	1
SJWLM031458_D1	amplicon1	No amp/Invalid	None detected	None detected	0
SJWLM031677_D1	amplicon1	Cyclic	Positive	None detected	1
SJWLM031998_D1	amplicon1	Linear	None detected	None detected	0
SJWLM031998_D1	amplicon2	Linear	None detected	None detected	0
SJWLM032016_D1	amplicon1	Linear	None detected	None detected	0
SJWLM032169_D1	amplicon1	Linear	None detected	None detected	0
SJWLM033062_D1	amplicon1	Linear	None detected	None detected	0
SJWLM033062_D1	amplicon2	Linear	None detected	None detected	0
SJWLM033068_D1	amplicon1	Linear	None detected	None detected	0
SJWLM033068_D2	amplicon1	Linear	None detected	None detected	0
SJWLM033068_D2	amplicon2	Complex-non-cyclic	None detected	None detected	0
SJMB003_D	amplicon1	Complex-non-cyclic	None detected	None detected	0
SJMB004_D	amplicon1	Complex-non-cyclic	None detected	None detected	0
SJMB004_D	amplicon2	Cyclic	Positive	None detected	2
SJMB004_D	amplicon3	Linear	None detected	None detected	0
SJMB008_D	amplicon1	Cyclic	Positive	None detected	1
SJMB019_D	amplicon1	Cyclic	Positive	None detected	1
SJMB024_D	amplicon1	Linear	None detected	None detected	0
SJMB024_D	amplicon2	Complex-non-cyclic	None detected	None detected	0
SJMB027_D	amplicon1	Cyclic	Positive	None detected	1
SJMB030020_D1	amplicon1	Cyclic	Positive	None detected	2
SJMB030020_D1	amplicon2	Cyclic	Positive	None detected	1
SJMB030020_D1	amplicon3	Cyclic	Positive	None detected	1
SJMB030020_D1	amplicon4	Cyclic	Positive	None detected	1
SJMB030056_D1	amplicon1	Cyclic	Positive	None detected	1
SJMB030181_D1	amplicon1	Cyclic	Positive	None detected	1
SJMB030296_D1	amplicon1	Cyclic	Positive	None detected	1
SJMB030312_D1	amplicon1	Cyclic	Positive	None detected	1
SJMB030610_D1	amplicon1	Linear	None detected	None detected	0
SJMB030610_D1	amplicon2	Complex-non-cyclic	None detected	None detected	0
SJMB030610_D1	amplicon3	Cyclic	Positive	None detected	1
SJMB030757_D1	amplicon1	Linear	None detected	None detected	0
SJMB030757_D1	amplicon2	Complex-non-cyclic	None detected	None detected	0
SJMB030757_D1	amplicon3	Complex-non-cyclic	None detected	None detected	0
SJMB030757_D1	amplicon4	Linear	None detected	None detected	0
SJMB030915_D2	amplicon1	Cyclic	Positive	None detected	1
SJMB038_D	amplicon1	Cyclic	Positive	None detected	1
SJMB067_D	amplicon1	Cyclic	None detected	Positive	0
SJOS001101_M1	amplicon1	Linear	None detected	None detected	0
SJOS001101_M1	amplicon2	Linear	None detected	None detected	0
SJOS001101_M1	amplicon3	Cyclic	Positive	None detected	1
SJOS010_D	amplicon1	Cyclic	None detected	Positive	0
SJOS010_D	amplicon2	No amp/Invalid	None detected	None detected	0
SJOS010_D	amplicon3	Linear	None detected	None detected	0
SJOS010_D	amplicon4	Complex-non-cyclic	None detected	None detected	0
SJOS012_D	amplicon10	Cyclic	Positive	None detected	1
SJOS012_D	amplicon1	Linear	None detected	None detected	0
SJOS012_D	amplicon2	Complex-non-cyclic	None detected	None detected	0
SJOS012_D	amplicon3	Linear	None detected	None detected	0
SJOS012_D	amplicon4	Linear	None detected	None detected	0
SJOS012_D	amplicon5	Linear	None detected	None detected	0
SJOS012_D	amplicon6	Cyclic	Positive	None detected	2
SJOS012_D	amplicon7	Linear	None detected	None detected	0
SJOS012_D	amplicon8	Linear	None detected	None detected	0
SJOS012_D	amplicon9	Cyclic	None detected	Positive	0
SJRHB012_D	amplicon1	Cyclic	Positive	None detected	2
SJST030890_D1	amplicon1	Linear	None detected	None detected	0
